10,-0.4000813066959381,1.935701608657837,0.08902766555547714
10,-0.426397484539653,1.8888778363297778,0.24854345797247163
10,-0.4511807639884731,1.843259735595223,0.4020728397501085
10,-0.47445985157155135,1.798820989363579,0.549696377890573
10,-0.49626345381804066,1.7555352805442517,0.6914946393960509
10,-0.5166202772570938,1.7133762920466469,0.827548191268728
10,-0.5355590284178635,1.672317706780171,0.9579376005107891
10,-0.5531084138295025,1.6323332076542294,1.08274343412442
10,-0.5692971400211637,1.5933964775782286,1.2020462591118062
10,-0.5841539135220001,1.5554811994615747,1.3159266424751335
10,-0.5977074408611642,1.5185610562136729,1.424465151216587
10,-0.6099864285678089,1.48260973074393,1.5277423523383522
10,-0.621019583171087,1.4476009059617518,1.6258388128426142
10,-0.6308356112001515,1.4135082647765442,1.7188350997315591
10,-0.6394632191841549,1.3803054900977134,1.8068117800073729
10,-0.6469311136522504,1.3479662648346655,1.88984942067224
10,-0.6532680011335903,1.3164642718968063,1.9680285887283466
10,-0.6585025881573279,1.285773194193542,2.0414298511778775
10,-0.6626635812526156,1.2558667146342781,2.1101337750230185
10,-0.6657796869486066,1.2267185161284213,2.1742209272659556
10,-0.6678796117744535,1.1983022815853772,2.2337718749088746
10,-0.6689920622593091,1.1705916939145522,2.2888671849539595
10,-0.6691457449323263,1.1435604360253515,2.339587424403397
10,-0.6683693663226576,1.1171821908271822,2.3860131602593717
10,-0.6666916329594561,1.0914306412294492,2.4282249595240697
10,-0.6641412513718749,1.0662794701415594,2.4663033891996764
10,-0.660746928089066,1.041702360472918,2.500329016288377
10,-0.6565373696401829,1.0176729951329322,2.5303824077923585
10,-0.651541282554378,0.9941650570310068,2.556544130713804
10,-0.6457873733608047,0.9711522290765484,2.5788947520549
10,-0.6393043485886151,0.948608194178963,2.5975148388178324
10,-0.6321209147669625,0.9265066352476566,2.6124849580047873
10,-0.6242657784249993,0.9048212351920347,2.623885676617948
10,-0.6157676460918787,0.8835256769215041,2.631797561659503
10,-0.6066552242967532,0.8625936433454704,2.636301180131634
10,-0.5969572195687757,0.8419988173733397,2.6374770990365297
10,-0.5867023384370991,0.8217148819145179,2.635405885376374
10,-0.5759192874308763,0.8017155198784112,2.630168106153354
10,-0.56463677307926,0.7819744141744256,2.621844328369653
10,-0.5528835019114027,0.7624652477119669,2.610515119027458
10,-0.5406881804564575,0.7431617034004412,2.5962610451289536
10,-0.5280795152435775,0.7240374641492549,2.5791626736763265
10,-0.5150862128019154,0.7050662128678133,2.5593005716717623
10,-0.5017369796606233,0.6862216324655228,2.5367553061174437
10,-0.4880605223488547,0.6674774058517895,2.511607444015559
10,-0.47408554739576214,0.6488072159360192,2.483937552368292
10,-0.45984076133049867,0.6301847456276181,2.45382619817783
10,-0.44535487068221696,0.6115836778359922,2.4213539484463578
10,-0.4306565819800695,0.5929776954705472,2.386601370176059
10,-0.4157746017532098,0.5743404814406894,2.3496490303691213
10,-0.40073763653079003,0.5556457186558248,2.3105774960277303
10,-0.38557439284196326,0.5368670900253594,2.2694673341540703
10,-0.37031357721588243,0.5179782784586993,2.2263991117503275
10,-0.3549838961817001,0.4989529668652502,2.181453395818687
10,-0.33961405626856933,0.4797648381544183,2.1347107533613348
10,-0.32423276400564244,0.4603875752356098,2.0862517513804555
10,-0.30886872592207293,0.44079486101823034,2.036156956878235
10,-0.29355064854701324,0.42096037841168615,1.9845069368568595
10,-0.27830723840961613,0.4008578103253835,1.9313822583185138
10,-0.2631672020390344,0.380460839668728,1.8768634882653836
10,-0.24815924596442102,0.35974314935112556,1.8210311936996544
10,-0.2333120767149286,0.3386784222819825,1.7639659416235107
10,-0.21865440081971016,0.31724034137070495,1.70574829903914
10,-0.20421492480791836,0.29540258952669846,1.6464588329487262
10,-0.19002235520870603,0.27313884965936935,1.586178110354455
10,-0.1761053985512261,0.25042280467812367,1.5249866982585125
10,-0.16249276136463114,0.22722813749236714,1.4629651636630838
10,-0.14921315017807424,0.2035285310115062,1.4001940735703544
10,-0.136295271520708,0.17929766814494658,1.33675399498251
10,-0.12376783192168539,0.15450923180209425,1.2727254949017357
10,-0.11165953791015903,0.1291369048923553,1.208189140330217
10,-0.09999909601528201,0.1031543703251363,1.1432254982701409
10,-0.08881521276620685,0.07653531100984234,1.077915135723691
10,-0.07813659469208642,0.04925340985587967,1.0123386196930526
10,-0.06799194832207367,0.02128234977265453,0.9465765171804128
10,-0.0584099801853212,-0.007404186330427276,0.8807093951879557
10,-0.049419396810982036,-0.0368325155439595,0.8148178207178676
10,-0.041048904728208824,-0.06702895495853611,0.7489823607723337
10,-0.03332721046615439,-0.0980198216647512,0.6832835823535395
10,-0.026283020553971692,-0.12983143275319908,0.617802052463671
10,-0.019945041520813472,-0.16249010531447317,0.552618338104913
10,-0.014341979895832357,-0.19602215643916776,0.48781300627945134
10,-0.009502542208181392,-0.23045390321787718,0.42346662398947105
10,-0.005455434987013175,-0.2658116627411944,0.3596597582371584
10,-0.0022293647614808343,-0.30212175209971404,0.296472976024699
10,0.000146961939263196,-0.33941048838403043,0.23398684435427702
10,0.0016448385860656778,-0.3777041886847373,0.17228193022807903
10,0.0022355586497744273,-0.41702917009242824,0.11143880064828993
10,0.001890415601235984,-0.45741174969769804,0.0515380226170955
10,0.00058070291129797,-0.49887824459113983,-0.007339836863318516
10,-0.0017222859491926035,-0.5414549718633483,-0.06511421079076685
10,-0.005047247982508863,-0.5851682346770662,-0.12170454106522006
10,-0.009406455850290058,-0.6300203245808211,-0.1770456169034645
10,-0.014762061299979968,-0.6759402587017977,-0.2311190617646118
10,-0.021066689199304236,-0.7228431263167067,-0.28391540126369985
10,-0.028272964415988335,-0.7706440167022589,-0.33542516101576586
10,-0.03633351181775819,-0.8192580191351664,-0.38563886663584757
10,-0.04520095627233928,-0.8686002228921392,-0.43454704373898273
10,-0.05482792264745757,-0.9185857172498892,-0.48214021794020895
10,-0.06516703581083855,-0.9691295914851273,-0.5284089148545636
10,-0.07617092063020779,-1.0201469348745642,-0.5733436600970846
10,-0.08779220197329134,-1.0715528366949116,-0.6169349792828093
10,-0.09998350470781443,-1.12326238622288,-0.6591733980267749
10,-0.11269745370150307,-1.1751906727351809,-0.7000494419440199
10,-0.1258866738220827,-1.2272527855085245,-0.7395536366495807
10,-0.13950378993727913,-1.2793638138196228,-0.7776765077584957
10,-0.15350142691481794,-1.3314388469451863,-0.8144085808858025
10,-0.16783220962242518,-1.3833929741619273,-0.8497403816465388
10,-0.18244876292782605,-1.4351412847465554,-0.8836624356557412
10,-0.1973037116987464,-1.4865988679757822,-0.9161652685284483
10,-0.21234968080291203,-1.537680813126319,-0.9472394058796973
10,-0.22753929510804846,-1.5883022094748764,-0.9768753733245258
10,-0.24282517948188137,-1.6383781462981652,-1.0050636964779711
10,-0.2581599587921365,-1.6878237128728977,-1.0317949009550715
10,-0.27349625790653953,-1.736553998475784,-1.057059512370864
10,-0.28878670169281634,-1.7844840923835363,-1.0808480563403864
10,-0.3039839150186919,-1.831529083872863,-1.103151058478676
10,-0.31904052275189265,-1.877604062220478,-1.1239590444007705
10,-0.33390914976014413,-1.9226241167030913,-1.143262539721708
10,-0.3485424209111718,-1.9665043365974149,-1.1610520700565259
10,-0.36289296107270147,-2.009159811180158,-1.177318161020261
10,-0.37691339511245897,-2.050505629728033,-1.1920513382279516
10,-0.39055634789816973,-2.0904568815177513,-1.2052421272946354
10,-0.4037744442975593,-2.128928655826023,-1.2168810538353494
10,-0.4165203091783538,-2.1658360419295595,-1.226958643465132
10,-0.4287465674082786,-2.201094129105072,-1.23546542179902
10,-0.44040584385505943,-2.2346180066292716,-1.2423919144520512
10,-0.4514507633864219,-2.266322763778869,-1.247728647039263
10,-0.4618339508700919,-2.2961234898305753,-1.2514661451756937
10,-0.4715080311737951,-2.323935274061103,-1.2535949344763802
10,-0.4804256291652567,-2.3496732057471603,-1.2541055405563601
10,-0.4885393697122029,-2.373252374165461,-1.2529884890306715
10,-0.4958018776823595,-2.3945878685927156,-1.2502343055143517
10,-0.5021657779434516,-2.413594778305634,-1.245833515622438
10,-0.5075836953632052,-2.4301881925809283,-1.2397766449699683
10,-0.5120082548093461,-2.444283200695309,-1.2320542191719803
10,-0.5153920811495998,-2.4557948919254873,-1.2226567638435113
10,-0.517690882531453,-2.464645003813921,-1.2115782845310357
10,-0.5189004587284395,-2.470841720740464,-1.198858036035281
10,-0.519044646684865,-2.4744536817230545,-1.1845669171982331
10,-0.5181478586508792,-2.4755507662723617,-1.1687764761785309
10,-0.5162345068766319,-2.474202853899057,-1.1515582611348134
10,-0.5133290036122733,-2.4704798241138093,-1.1329838202257185
10,-0.5094557611079538,-2.4644515564272926,-1.1131247016098866
10,-0.5046391916138229,-2.456187930350175,-1.092052453445956
10,-0.4989037073800304,-2.445758825393127,-1.0698386238925646
10,-0.49227372065672687,-2.4332341210668202,-1.0465547611083525
10,-0.48477364369406195,-2.4186836968819243,-1.0222724132519583
10,-0.47642788874218556,-2.402177432349111,-0.997063128482021
10,-0.467260868051248,-2.3837852069790513,-0.9709984549571793
10,-0.45729699387139894,-2.363576900282413,-0.9441499408360718
10,-0.44656067845278874,-2.3416223917698704,-0.9165891342773382
10,-0.43507633404556695,-2.317991560952092,-0.8883875834396169
10,-0.42286837289988405,-2.292754287339749,-0.8596168364815466
10,-0.4099612072658895,-2.2659804504435104,-0.8303484415617661
10,-0.39637924939373365,-2.2377399297740492,-0.8006539468389151
10,-0.3821469115335664,-2.2081026048420354,-0.7706049004716318
10,-0.3672886059355376,-2.177138355158138,-0.740272850618555
10,-0.3518287448497975,-2.1449170602330287,-0.7097293454383241
10,-0.33579174052649596,-2.1115085995773795,-0.6790459330895776
10,-0.319202005215783,-2.076982852701859,-0.6482941617309549
10,-0.30208395116780856,-2.0414096991171387,-0.6175455795210942
10,-0.28446199063272254,-2.0048590183338892,-0.5868717346186348
10,-0.2663605358606753,-1.9674006898627805,-0.5563441751822157
10,-0.2478039991018164,-1.929104593214484,-0.5260344493704754
10,-0.22881679260629617,-1.8900406078996703,-0.4960141053420533
10,-0.20942332862426422,-1.850278613429009,-0.4663546912555876
10,-0.1896480194058713,-1.809888489313173,-0.4371277552697185
10,-0.16951527720126652,-1.7689401150628306,-0.4084048455430833
10,-0.1490495142606001,-1.7275033701886524,-0.38025751023432147
10,-0.12827514283402214,-1.6856481342013099,-0.35275729750207213
10,-0.1072165751716826,-1.6434442866114736,-0.3259757555049739
10,-0.08589822352373162,-1.6009617069298143,-0.299984432401666
10,-0.06434450014031895,-1.5582702746670023,-0.274854876350787
10,-0.04257981727159478,-1.5154398693337081,-0.25065863551097595
10,-0.02062858716770899,-1.4725403704406026,-0.2274672580408717
10,0.0014847779211883405,-1.4296416574983564,-0.20535229209911326
10,0.023735865744947265,-1.3868136100176405,-0.18438528584433944
10,0.04610026405341787,-1.3441261075091244,-0.16463778743518898
10,0.06855356059645011,-1.30164902948348,-0.14618134503030095
10,0.09107134312389392,-1.2594522554513765,-0.12908750678831424
10,0.11362919938559941,-1.217605664923486,-0.11342782086786786
10,0.13620269349415728,-1.17617906554889,-0.09927369424429626
10,0.1587609927288749,-1.1352228174343937,-0.0866583261612678
10,0.18125824289080864,-1.0947416126475682,-0.07552519387270712
10,0.2036464358357665,-1.0547335948687708,-0.06580490930395486
10,0.2258775634195559,-1.015196907778358,-0.05742808438035152
10,0.24790361749798473,-0.9761296950566861,-0.050325331027237644
10,0.26967658992686055,-0.9375301003841121,-0.04442726116995368
10,0.29114847256199117,-0.8993962674409919,-0.03966448673384014
10,0.3122712572591844,-0.8617263399076833,-0.0359676196442376
10,0.33299693587424767,-0.8245184614645417,-0.03326727182648664
10,0.35327750026298854,-0.787770775791925,-0.03149405520592782
10,0.3730649422812156,-0.7514814265701885,-0.030578581707901377
10,0.39231125378473586,-0.7156485574796893,-0.030451463257748043
10,0.4109684266293573,-0.6802703122007839,-0.031043311780808325
10,0.42898845267088737,-0.6453448344138293,-0.03228473920242274
10,0.446323323765134,-0.6108702677991817,-0.0341063574479318
10,0.4629250317679048,-0.576844756037198,-0.036438778442676
10,0.47874556853500744,-0.5432664428082347,-0.03921261411199584
10,0.4937369259222498,-0.5101334717926486,-0.04235847638123197
10,0.50785109578544,-0.4774439866707953,-0.04580697717572489
10,0.5210400699803843,-0.44519613112303374,-0.049488728420814865
10,0.5332558403628921,-0.4133880488297176,-0.05333434204184281
10,0.5444503987887701,-0.38201788347120635,-0.0572744299641489
10,0.5545757371138258,-0.3510837787278551,-0.061239604113073776
10,0.5635838471938681,-0.32058387828001944,-0.06516047641395817
10,0.5714267208847037,-0.29051632580805836,-0.06896765879214227
10,0.5780563500421411,-0.260879264992326,-0.07259176317296681
10,0.5834247265219868,-0.23167083951318138,-0.07596340148177212
10,0.58748384218005,-0.20288919305097858,-0.07901318564389909
10,0.5901856888721372,-0.17453246928607705,-0.0816717275846878
10,0.5914822584540567,-0.14659881189883064,-0.08386963922947906
10,0.591325542781616,-0.11908636456959834,-0.08553753250361326
10,0.5896675337106232,-0.09199327097873453,-0.08660601933243103
10,0.5864602230968854,-0.06531767480659821,-0.08700571164127271
10,0.5816556027962106,-0.03905771973354359,-0.08666722135547902
10,0.5752056646644068,-0.013211549439929637,-0.08552116040039037
10,0.5670624005572811,0.012222692393889414,-0.08349814070134728
10,0.557177802330642,0.03724686208755473,-0.0805287741836904
10,0.5455038618402963,0.06186281596071172,-0.07654367277275995
10,0.5319925709420528,0.08607241033300166,-0.07147344839389685
10,0.516595921491718,0.10987750152407018,-0.06524871297244128
10,0.4992659053451008,0.1332799458535585,-0.05780007843373411
10,0.4799545143580073,0.15628159964111196,-0.04905815670311528
10,0.4586137403862476,0.17888431920637218,-0.03895355970592623
10,0.4351955752856267,0.2010899608689842,-0.027416899367506242
10,0.40965201091195497,0.2229003809485898,-0.01437878761319722
10,0.3819450124057465,0.24431609168214607,0.00022041945150400586
10,0.3521302587214549,0.26532497565463037,0.016348804684499934
10,0.32031477564652305,0.2859079955253097,0.03392428364116546
10,0.2866061149033339,0.3060460430740871,0.05286425802362202
10,0.2511118282142669,0.3257200100808682,0.07308612953399364
10,0.21393946730170108,0.3449107883255587,0.09450729987440419
10,0.17519658388802065,0.36359926958806166,0.11704517074697476
10,0.13499072969560252,0.3817663456482833,0.14061714385383056
10,0.09342945644683118,0.3993929082861269,0.1651406208970926
10,0.05062031586408334,0.41645984928149893,0.19053300357888597
10,0.006670859669744006,0.4329480604143024,0.2167116936013314
10,-0.03831136041381051,0.4488384334644436,0.24359409266655457
10,-0.08421879266419509,0.4641118602118259,0.2710976024766757
10,-0.13094388535903345,0.4787492324363555,0.2991396247338209
10,-0.17837908677594033,0.4927314419179357,0.32763756114010995
10,-0.22641684519254024,0.5060393804364727,0.35650881339766927
10,-0.27494960888644693,0.5186539397718699,0.3856707832086188
10,-0.3238698261352846,0.5305560117040333,0.4150408722750842
10,-0.37306994521666825,0.5417264880128664,0.4445364822991862
10,-0.42244241440822144,0.5521462604782752,0.4740750149830502
10,-0.4718796819875595,0.5617962208801636,0.5035738720287969
10,-0.5212741962323051,0.5706572609984368,0.5329504551385517
10,-0.5705184054200741,0.5787102726129992,0.5621221660144352
10,-0.61950475782849,0.5859361475037561,0.591006406358573
10,-0.6681257017351675,0.5923157774506117,0.6195205778730858
10,-0.7162736854177305,0.5978300542334711,0.6475820822600987
10,-0.7638411571537937,0.6024598696322387,0.6751083212217327
10,-0.8107205652209809,0.60618611542682,0.7020166964601131
10,-0.856804357896907,0.6089896833971189,0.7282246096773607
10,-0.9019849834591938,0.6108514653230406,0.7536494625755996
10,-0.9461548901854616,0.6117523529844899,0.778208656856954
10,-0.9892065263533274,0.6116732381613715,0.801819594223545
10,-1.0310323402404127,0.61059501263359,0.8243996763774972
10,-1.0715247801243344,0.6084985681810504,0.8458663050209324
10,-1.1105762942827142,0.6053647965836574,0.866136881855975
10,-1.148079330993169,0.6011745896213156,0.8851288085847465
10,-1.1839263385333205,0.5959088390739299,0.9027594869093714
10,-1.218009765180785,0.589548436721405,0.9189463185319712
10,-1.2502220592131854,0.5820742743436456,0.9336067051546706
10,-1.280455668908138,0.5734672437205568,0.9466580484795913
10,-1.3086030425432644,0.5637082366320428,0.9580177502088577
10,-1.3345566283961816,0.5527781448580089,0.9676032120445913
10,-1.3582088747445114,0.5406578601783595,0.9753318356889167
10,-1.3794522298658707,0.5273282743729999,0.9811210228439562
10,-1.3981791420378809,0.5127702792218339,0.9848881752118327
10,-1.4142826632817422,0.4969650779668429,0.9865512272219815
10,-1.4277147888810808,0.47992428177707736,0.9860801232740204
10,-1.4385350922816993,0.4617149997491854,0.9835397318823423
10,-1.4468145956966125,0.44241024722361405,0.9790050236496307
10,-1.4526243213388297,0.4220830395408134,0.9725509691785693
10,-1.4560352914213661,0.40080639204122964,0.9642525390718407
10,-1.4571185281572325,0.3786533200653133,0.9541847039321292
10,-1.455945053759442,0.35569683895351084,0.9424224343621176
10,-1.4525858904410067,0.33200996404627214,0.9290407009644898
10,-1.4471120604149386,0.30766571068404486,0.9141144743419283
10,-1.4395945858942505,0.2827370942072763,0.8977187250971166
10,-1.4301044890919556,0.2572971299564169,0.8799284238327394
10,-1.4187127922210643,0.23141883327191276,0.8608185411514778
10,-1.4054905174945909,0.20517521949421436,0.8404640476560175
10,-1.3905086871255465,0.178639303963768,0.8189399139490399
10,-1.3738383233269453,0.1518841020210243,0.7963211106332307
10,-1.3555504483117968,0.12498262900642895,0.7726826083112703
10,-1.335716084293117,0.09800790026043307,0.7480993775858452
10,-1.314406253483915,0.07103293112348229,0.722646389059636
10,-1.2916919780972054,0.04413073693602751,0.6963986133353284
10,-1.2676442803459986,0.017374333038514617,0.6694310210156037
10,-1.2423341824433092,-0.009163265228605857,0.6418185827031471
10,-1.215832706602148,-0.035409042524887434,0.6136362690006404
10,-1.1882108750355287,-0.06128998350988001,0.5849590505107688
10,-1.1595397099564615,-0.08673307284313703,0.5558618978362133
10,-1.1298902335779617,-0.1116652951842084,0.5264197815796599
10,-1.0993334681130387,-0.13601363519264761,0.49670767234378915
10,-1.0679404357747082,-0.15970507752800428,0.4668005407312875
10,-1.0357821587759792,-0.1826666068498322,0.4367733573448355
10,-1.002929659329867,-0.20482520781768088,0.4067010927871191
10,-0.9694539596493816,-0.22610786509110423,0.37665871766081915
10,-0.935426081947538,-0.2464415633296518,0.3467212025686214
10,-0.9009170484373453,-0.265753287192877,0.31696351811320683
10,-0.8659978813318192,-0.28397002134032995,0.28746063489726137
10,-0.8307396028439695,-0.30101875043156395,0.258287523523466
10,-0.7952132351868108,-0.3168264591261289,0.22951915459450617
10,-0.7594898005733545,-0.33132013208357736,0.20123049871306442
10,-0.7236403212166115,-0.3444267539634618,0.17349652648182287
10,-0.6877358193295968,-0.3560733094253322,0.14639220850346707
10,-0.6518473171253202,-0.3661867831287419,0.1199925153806781
10,-0.616045836816797,-0.3746941597332411,0.0943724177161419
10,-0.5804024006170365,-0.38152242389838265,0.06960688611253936
10,-0.5449880307390543,-0.38659856028371725,0.04577089117255607
10,-0.5098737493958596,-0.38984955354879713,0.022939403498873377
10,-0.4751305788004676,-0.3912023883531738,0.0011873936941765462
10,-0.44082954116588796,-0.3905840493563988,-0.019410167638852834
10,-0.4070362989317553,-0.38793741947690746,-0.03878939237532432
10,-0.3737791358163397,-0.3833162550874038,-0.05696368089118543
10,-0.34107041796676596,-0.37682152755439596,-0.07397934654513172
10,-0.3089224527123372,-0.3685543827108806,-0.08988282431427369
10,-0.2773475473823631,-0.35861596638985604,-0.10472054917571882
10,-0.24635800930614696,-0.3471074244243182,-0.11853895610657747
10,-0.21596614581299822,-0.3341299026472659,-0.13138448008395742
10,-0.18618426423222037,-0.319784546891695,-0.14330355608496892
10,-0.15702467189312266,-0.30417250299060417,-0.15434261908671978
10,-0.12849967612500895,-0.28739491677698953,-0.1645481040663202
10,-0.10062158425718805,-0.26955293408384956,-0.17396644600087802
10,-0.07340270361896406,-0.25074770074418024,-0.18264407986750328
10,-0.046855341539645746,-0.2310803625909802,-0.19062744064330409
10,-0.02099180534853726,-0.21065206545724544,-0.19796296330539034
10,0.004175597625052652,-0.18956395517597496,-0.20469708283087026
10,0.028634560051818938,-0.16791717758016503,-0.2108762341968532
10,0.05237277460245587,-0.14581287850281205,-0.2165468523804484
10,0.07537793394765521,-0.12335220377691541,-0.22175537235876447
10,0.09763773075811234,-0.10063629923547043,-0.22654822910891087
10,0.11913985770451903,-0.07776631071147606,-0.23097185760799602
10,0.13987200745757056,-0.054843384037928065,-0.2350726928331295
10,0.1598218726879588,-0.031968665047825494,-0.23889716976141986
10,0.17897714606637902,-0.009243299574164053,-0.24249172336997651
10,0.19732552026352318,0.01323156655005761,-0.24590278863590811
10,0.2148546879500865,0.03535478749184385,-0.24917680053632402
10,0.23155234179676076,0.05702521741819509,-0.2523601940483329
10,0.2474061744742412,0.07814171049611647,-0.25549940414904404
10,0.2624038786532199,0.09860312089260816,-0.2586408658155662
10,0.2765331470043918,0.1183083027746752,-0.26183101402500875
10,0.2897816721984493,0.13715611030931857,-0.2651162837544803
10,0.30213714690608695,0.15504539766354214,-0.26854310998109016
10,0.3135872637979974,0.17187501900434737,-0.27215792768194713
10,0.32411971554487506,0.18754382849873835,-0.27600717183416046
10,0.33372219481741267,0.20195068031371644,-0.28013727741483885
10,0.3423823942863047,0.2149944286162855,-0.2845946794010916
10,0.3500880066222438,0.22657392757344705,-0.28942581277002755
10,0.35682672449592423,0.2365880313522048,-0.29467711249875583
10,0.36258624057803923,0.2449355941195607,-0.30039501356438525
10,0.3673542475392824,0.251515470042518,-0.3066259509440252
10,0.3711184380503474,0.256226513288079,-0.3134163596147842
10,0.37386650478192773,0.25896757802324655,-0.3208126745537714
10,0.37558614040471716,0.2596375184150234,-0.3288613307380963
10,0.37626503758940877,0.258135188630412,-0.3376087631448671
10,0.37589088900669654,0.2543594428364152,-0.3471014067511937
10,0.374451387327274,0.24820913520003585,-0.35738569653418417
10,0.3719347451388493,0.2395847972240732,-0.36850695594439886
10,0.36835451285989407,0.22846870432306673,-0.3804563388806966
10,0.36376047262584243,0.21496002124991767,-0.3931475397355011
10,0.35820519300237913,0.19916690222906677,-0.4064882958136312
10,0.35174124255518835,0.18119750148495306,-0.4203863444199079
10,0.344421189849955,0.1611599732420173,-0.4347494228591501
10,0.33629760345236337,0.13916247172469814,-0.4494852684361787
10,0.3274230519280984,0.115313151157437,-0.4645016184558124
10,0.31785010384284446,0.08972016576467205,-0.4797062102228726
10,0.30763132776228636,0.06249166977084506,-0.4950067810421776
10,0.29681929225210807,0.033735817400393574,-0.5103110682185488
10,0.28546656587799535,0.003560762877760229,-0.5255268090568048
10,0.27362571720563145,-0.027925339572617988,-0.5405617408617667
10,0.2613493148007023,-0.06061433572629832,-0.5553236009382533
10,0.24868992722889097,-0.094398071358844,-0.5697201265910855
10,0.2357001230558836,-0.1291683922458122,-0.5836590551250824
10,0.22243247084736356,-0.1648171441627654,-0.5970481238450647
10,0.2089395391690166,-0.20123617288526152,-0.6097950700558513
10,0.19527389658652597,-0.23831732418886345,-0.6218076310622633
10,0.1814881116655775,-0.2759524438491281,-0.6329935441691192
10,0.16763475297185537,-0.31403337764161704,-0.6432605466812399
10,0.15376638907104356,-0.35245197134189227,-0.6525163759034456
10,0.13993558852882756,-0.39110007072551073,-0.6606687691405551
10,0.12619491991089107,-0.42986952156803576,-0.6676254636973895
10,0.11259695178291967,-0.4686521696450241,-0.6732941968787675
10,0.09919425271059704,-0.5073398607320394,-0.6775827059895103
10,0.08603939125960872,-0.5458244406046381,-0.6803987283344368
10,0.07318493599563816,-0.583997755038384,-0.6816500012183672
10,0.060683455484371186,-0.6217516498088336,-0.6812442619461216
10,0.04858751829149118,-0.6589779706915508,-0.6790892478225197
10,0.036949692982683816,-0.695568563462092,-0.6750926961523813
10,0.02582254812363287,-0.7314152738960208,-0.6691623442405267
10,0.015258652280023696,-0.7664099477688939,-0.6612059293917756
10,0.005310574017539982,-0.800444430856275,-0.6511311889109476
10,-0.003969118098132704,-0.8334105689337207,-0.638845860102863
10,-0.012527855501310678,-0.8652002077767943,-0.6242576802723416
10,-0.020313069626308577,-0.8957051931610531,-0.6072743867242035
10,-0.027272191907442206,-0.9248173708620588,-0.587803716763269
10,-0.033352653779027464,-0.9524285866553739,-0.5657534076943553
10,-0.03850188667537863,-0.9784306863165535,-0.5410311968222864
10,-0.042667322030811694,-1.0027155156211598,-0.5135448214518801
10,-0.04579639127964219,-1.0251749203447538,-0.483202018887957
10,-0.04783652585618553,-1.045700746262897,-0.44991052643533336
10,-0.04873515719475674,-1.0641848391511453,-0.4135780813988347
10,-0.04843971672967162,-1.080519044785062,-0.37411242108327925
10,-0.04689763589524529,-1.0945952089402062,-0.3314212827934856
10,-0.04406840211766538,-1.106325470880689,-0.2854414919852214
10,-0.039974929396355025,-1.115728733913884,-0.23626290687637502
10,-0.034660916260725955,-1.1228588873214236,-0.1840255336570816
10,-0.028170073296180678,-1.1277698406784318,-0.12886940760561394
10,-0.02054611108812192,-1.1305155035600314,-0.07093456400024907
10,-0.011832740221951592,-1.131149785541344,-0.01036103811925745
10,-0.0020736712830741128,-1.1297265961974934,0.05271113475907258
10,0.008687385143108774,-1.126299845103601,0.11814191935647046
10,0.020406718471194095,-1.120923441834791,0.18579128039465895
10,0.03304061811578033,-1.113651295966184,0.25551918259536743
10,0.04654537349146245,-1.104537317072905,0.32718559068030656
10,0.06087727401283887,-1.093635414730075,0.4006504693712065
10,0.0759926090945068,-1.080999498512818,0.47577378338978993
10,0.0918476681510651,-1.0666834779962535,0.5524154974577872
10,0.10839874059710801,-1.0507412627555082,0.6304355762969077
10,0.12560211584723413,-1.033226762365703,0.7096939846288816
10,0.14341408331604075,-1.0141938864019604,0.7900506871754319
10,0.16179093241812698,-0.9936965444394018,0.8713656486582894
10,0.1806889525680866,-0.9717886460531517,0.9534988337991628
10,0.2000644331805185,-0.9485241008183338,1.0363102073197823
10,0.21987366367001998,-0.9239568183100685,1.1196597339418715
10,0.24007293345119007,-0.8981407081034771,1.2034073783871613
10,0.2606185319386225,-0.8711296797736864,1.2874131053773592
10,0.28146674854691633,-0.842977642895817,1.371536879634197
10,0.30257387269066865,-0.8137385070449914,1.4556386658793967
10,0.32389619378447876,-0.7834661817963298,1.5395784288346899
10,0.34539000124294006,-0.75221457672496,1.6232161332217847
10,0.3670115844806517,-0.7200376014060018,1.7064117437624118
10,0.388717232912211,-0.6869891654145781,1.7890252251782943
10,0.41046323595221507,-0.6531231783258119,1.8709165421911556
10,0.43220588301526325,-0.6184935497148221,1.951945659522726
10,0.4539014635159489,-0.5831541891567376,2.0319725418947145
10,0.4755062668688714,-0.547159006226678,2.110857154028852
10,0.49697658248862725,-0.5105619104997665,2.18845946064686
10,0.5182686997898165,-0.47341681155112164,2.2646394264704712
10,0.5393389081870321,-0.43577761895587336,2.3392570162213935
10,0.5601434970948735,-0.3976982422891407,2.412172194621357
10,0.580638755927938,-0.3592325911260459,2.483244926392085
10,0.6007809741008241,-0.3204345750417087,2.552335176255307
10,0.6205264410281258,-0.2813581036112589,2.6193029089327338
10,0.6398314461244423,-0.2420570864098146,2.684008089146096
10,0.6586522788043707,-0.2025854330124997,2.746310681617115
10,0.6769452284825102,-0.16299705299443235,2.8060706510675213
10,0.694666584573454,-0.1233458559307427,2.863147962219025
10,0.7117726364918016,-0.08368575139654981,2.917402579793357
10,0.7282196736521502,-0.044070648966976184,2.9686944685122394
10,0.7439639854690985,-0.0045544582171412745,3.0168835930974
10,0.7589618613572409,0.03480891127782555,3.0618299182705533
10,0.7731695907311757,0.07396554994280488,3.103393408753427
10,0.7865434630055007,0.11286154820267438,3.141434029267744
10,0.7990397675948141,0.15144299648231482,3.1758117445352325
10,0.8106147939137103,0.18965598520659627,3.206386519277606
10,0.8212248313767888,0.22744660480040013,3.233018318216594
10,0.8308261693986462,0.2647609456886033,3.2555671060739186
10,0.8393750973938796,0.3015450982960832,3.273892847571303
10,0.8468279047770875,0.3377451530477207,3.2878555074304714
10,0.8531408809628653,0.3733072003683864,3.2973150503731454
10,0.8582703153658112,0.40817733068296114,3.3021314411210487
10,0.8621724974005219,0.44230163441632175,3.302164644395904
10,0.8648037164815958,0.4756262019933494,3.2972746249194365
10,0.8661202620236288,0.5080971238389146,3.2873213474133665
10,0.8660784234412193,0.5396604903778983,3.2721647765994204
10,0.8646344901489639,0.5702623920351779,3.2516648771993206
10,0.8617447515614598,0.5998489192356329,3.2256816139347873
10,0.8573654970933045,0.6283661624041355,3.1940749515275475
10,0.8514530161590953,0.6557602119655661,3.1567048546993233
10,0.8439635981734296,0.6819771583448018,3.113431288171839
10,0.8348535325509034,0.7069630919667222,3.064114216666812
10,0.8240791087061157,0.7306641032561998,3.0086136049059733
10,0.8115966160536633,0.7530262826381149,2.9467894176110443
10,0.7973623440081431,0.7739957205373444,2.8785016195037465
10,0.7813325819841511,0.7935185073787678,2.803610175305798
10,0.7634636193962872,0.8115407335872583,2.7219750497389326
10,0.7437117456591474,0.8280084895876956,2.6334562075248695
10,0.722033250187329,0.8428678658049569,2.537913613385332
10,0.6983844223954271,0.8560649526639206,2.435207232042033
10,0.6727215516980429,0.8675458405894616,2.3251970282167127
10,0.645000927509772,0.8772566200064588,2.207742966631088
10,0.6151788392452112,0.8851433813397894,2.082705012006881
10,0.5832115763189585,0.8911522150143308,1.9499431290658151
10,0.5490554281456071,0.8952292114549606,1.8093172825296007
10,0.5126666841397611,0.8973204610865555,1.660687437119986
10,0.4740016337160145,0.8973720543339931,1.5039135575586822
10,0.43301656628896446,0.895330081622151,1.338855608567412
10,0.38966777127320434,0.8911406333759059,1.1653735548678839
10,0.34391153808333913,0.8847498000201359,0.9833273611818506
10,0.2957041561339624,0.8761036719797184,0.7925769922310217
10,0.24500191483967132,0.8651483396795305,0.5929824127371196
10,0.1917611036150583,0.8518298935444482,0.38440358742184894
10,0.13593801187473015,0.8360944239993513,0.16670048100696988
10,0.07748892903327942,0.8178880214691162,-0.06026694178581238
20,0.31985148787498474,-1.6137601137161255,0.5386845469474792
20,0.49948764008111823,-1.4413316573681938,0.5351477513578149
20,0.6689796229221544,-1.2757505687117483,0.5320659140375925
20,0.8285133912785501,-1.1169098426703368,0.5294227097252873
20,0.9782749000307629,-0.9647024741675077,0.5272018131593742
20,1.1184501040592498,-0.8190214581268084,0.5253868990783285
20,1.2492249582444679,-0.6797597894717877,0.5239616422206252
20,1.3707854174668737,-0.5468104631259925,0.5229097173247396
20,1.4833174366069253,-0.420066474012971,0.5222147991291467
20,1.5870069705450793,-0.2994208170562717,0.5218605623723218
20,1.6820399741617924,-0.18476648717944197,0.52183068179274
20,1.7686024023375226,-0.07599647930602994,0.5221088321288763
20,1.8468802099527264,0.026996211640416514,0.5226786881192058
20,1.9170593518878607,0.12431859073634952,0.523523924502204
20,1.9793257830233835,0.21607766305822085,0.5246282160163459
20,2.0338654582397515,0.30238043368248274,0.5259752374001065
20,2.0808643324174216,0.3833339076855875,0.5275486633919609
20,2.12050836043685,0.45904509014398653,0.5293321687303847
20,2.152983497178496,0.5296209861341327,0.5313094281538525
20,2.178475697522815,0.5951686007324777,0.5334641164008398
20,2.1971709163502653,0.6557949390154736,0.5357799082098216
20,2.2092551085413024,0.7116070060595718,0.5382404783192729
20,2.214914228976385,0.7627118069412262,0.5408295014676692
20,2.214334232535969,0.8092163467368871,0.5435306523934853
20,2.207701074100512,0.851227630523007,0.5463276058351965
20,2.1952007085504714,0.8888526633760384,0.5492040365312781
20,2.1770190907663034,0.9221984503724329,0.5521436192202049
20,2.1533421756284676,0.9513719965886437,0.5551300286404525
20,2.1243559180174176,0.9764803071011208,0.5581469395304954
20,2.090246272813613,0.9976303869863178,0.5611780266288093
20,2.0511991948975092,1.0149292413206858,0.5642069646738692
20,2.007400639149566,1.0284838751806786,0.5672174284041502
20,1.9590365604502373,1.0384012936427462,0.5701930925581273
20,1.906292913679982,1.0447885017833427,0.5731176318742761
20,1.8493556537192561,1.0477525046789176,0.5759747210910712
20,1.7884107354485188,1.047400307405925,0.578748034946988
20,1.7236441137482246,1.043838915040816,0.5814212481805014
20,1.655241743498833,1.0371753326600441,0.5839780355300872
20,1.5833895795807993,1.02751656534006,0.5864020717342201
20,1.5082735768745805,1.0149696181573153,0.588677031531375
20,1.4300796902606354,0.9996414961882631,0.5907865896600274
20,1.3489938746194203,0.9816392045093555,0.5927144208586524
20,1.2652020848313934,0.9610697481970448,0.5944441998657252
20,1.178890275777009,0.9380401323277818,0.5959596014197207
20,1.0902444023367261,0.9126573619780192,0.5972443002591142
20,0.9994504193910007,0.8850284422242088,0.5982819711223807
20,0.9066942818202914,0.8552603781428038,0.5990562887479958
20,0.812161944505056,0.8234601748102557,0.5995509278744342
20,0.7160393623257482,0.7897348373030154,0.599749563240171
20,0.6185124901628283,0.7541913706975367,0.5996358695836816
20,0.5197672828967517,0.7169367800702708,0.5991935216434411
20,0.41998969540797604,0.6780780704976694,0.5984061941579246
20,0.3193656825769586,0.6377222470561856,0.5972575618656071
20,0.21808119928415723,0.5959763148222709,0.5957312995049641
20,0.11632220041002689,0.5529472788723769,0.5938110818144705
20,0.014274640835026248,0.5087421442829563,0.5914805835326015
20,-0.08787552456038752,0.46346791613046123,0.588723479397832
20,-0.1899423408957578,0.4172315994913432,0.5855234441486376
20,-0.2917398532906259,0.3701401994420551,0.5818641525234931
20,-0.3930821068645382,0.32230072105904817,0.5777292792608738
20,-0.49378314673703494,0.2738201694187748,0.5731024990992548
20,-0.5936570180276595,0.22480554959768712,0.5679674867771112
20,-0.6925177658559549,0.17536386667223708,0.5623079170329184
20,-0.7901794353414642,0.12560212571887677,0.5561074646051511
20,-0.8864560716037304,0.07562733181405779,0.5493498042322847
20,-0.9811617197622955,0.025546490034233496,0.5420186106527944
20,-1.074110424936703,-0.024533394544145166,0.5340975586051553
20,-1.1651162322464967,-0.07450531684462594,0.5255703228278426
20,-1.2539931868112177,-0.12426227179075633,0.5164205780593312
20,-1.3405553337504104,-0.17369725430608474,0.5066319990380963
20,-1.4246167181836165,-0.2227032593141587,0.49618826050261333
20,-1.5059913852303788,-0.27117328173852595,0.4850730371913575
20,-1.5844933800102419,-0.31900031650273575,0.4732700038428035
20,-1.6599367476427473,-0.3660773585303345,0.4607628351954265
20,-1.7321355332474377,-0.41229740274487103,0.4475352059877018
20,-1.8009037819438576,-0.45755344406989323,0.4335707909581049
20,-1.866055538851548,-0.5017384774289484,0.4188532648451104
20,-1.927404849090053,-0.5447454977455849,0.4033663023871937
20,-1.984765757778916,-0.5864674999433512,0.38709357832283
20,-2.0379523100376775,-0.626797478945794,0.370018767390494
20,-2.0867785509858825,-0.6656284296764622,0.3521255443286617
20,-2.1310585257430734,-0.7028533470589036,0.3333975838758074
20,-2.170606279428793,-0.7383652260166659,0.3138185607704067
20,-2.2052358571625836,-0.7720570614732971,0.29337214975093473
20,-2.234761304063989,-0.8038218483523445,0.27204202555586654
20,-2.258996665252552,-0.8335525815773576,0.2498118629236773
20,-2.277755985847814,-0.8611422560718826,0.22666533659284172
20,-2.2908533109693208,-0.886483866759469,0.20258612130183595
20,-2.298102685736612,-0.9094704085636636,0.17755789178913395
20,-2.2993181552692334,-0.9299948764080149,0.15156432279321197
20,-2.2943137646867258,-0.9479502652160704,0.12458908905254418
20,-2.282903616889887,-0.9632295917745831,0.09661587613018523
20,-2.26500142966021,-0.9757635650351659,0.06764703116299184
20,-2.2408249079528244,-0.9855979162692302,0.037741849396741904
20,-2.210649537976167,-0.9928002399528615,0.006970450655984718
20,-2.174750805938673,-0.9974381305621468,-0.024597045234729543
20,-2.133404198048779,-0.9995791825731727,-0.05689051845085115
20,-2.0868852005149185,-0.9992909904620249,-0.08983984916783061
20,-2.035469299545528,-0.99664114870479,-0.12337491756111861
20,-1.9794319813490429,-0.9916972517775549,-0.1574256038061647
20,-1.9190487321338994,-0.9845268941564056,-0.1919217880784194
20,-1.8545950381085317,-0.9751976703174285,-0.22679335055333316
20,-1.7863463854813757,-0.96377717473671,-0.2619701714063558
20,-1.714578260460867,-0.9503330018903362,-0.29738213081293824
20,-1.6395661492554416,-0.9349327462543939,-0.3329591089485301
20,-1.561585538073535,-0.9176440023049695,-0.36863098598858196
20,-1.4809119131235822,-0.8985343645181489,-0.4043276421085439
20,-1.3978207606140178,-0.8776714273700194,-0.439978957483867
20,-1.312587566753279,-0.8551227853366663,-0.47551481229000025
20,-1.2254878177498005,-0.8309560328941765,-0.5108650867023948
20,-1.136796999812018,-0.8052387645186365,-0.5459596608965007
20,-1.0467905991483675,-0.7780385746861327,-0.580728415047768
20,-0.955744101967283,-0.749423057872751,-0.6151012293316471
20,-0.8639329944772008,-0.7194598085545784,-0.6490079839235884
20,-0.771632762886558,-0.6882164212077011,-0.6823785589990421
20,-0.6791188934037875,-0.6557604903082054,-0.7151428347334587
20,-0.5866668722373283,-0.6221596103321784,-0.7472306913022874
20,-0.4945521855956112,-0.5874813757557049,-0.7785720088809799
20,-0.40305031968707433,-0.5517933810548724,-0.8090966676449859
20,-0.3124367607201529,-0.515163220705767,-0.8387345477697555
20,-0.22298699490328217,-0.47765848918447523,-0.8674155294307393
20,-0.13497650844489784,-0.43934678096708296,-0.8950694928033874
20,-0.04868078755343576,-0.40029569052967756,-0.92162631806315
20,0.03562468156266878,-0.3605728123483448,-0.9470158853854775
20,0.11766441269498096,-0.3202457408991709,-0.97116807494582
20,0.1971629196350644,-0.2793820706582425,-0.9940127669196283
20,0.27384471617448375,-0.23804939610164613,-1.0154798414823516
20,0.34743431610480413,-0.19631531170546795,-1.035499178809441
20,0.4176562332175894,-0.15424741194579447,-1.0540006590763467
20,0.4842349813044038,-0.11191329129871194,-1.0709141624585186
20,0.5468950741568122,-0.0693805442403069,-1.0861695691314073
20,0.6053610255663793,-0.026716765246665636,-1.0996967592704627
20,0.6593573493246696,0.016010451206125403,-1.111425613051136
20,0.7086085592232477,0.05873351064197993,-1.1212860106488762
20,0.7528391690536776,0.10138481858481158,-1.1292078322391346
20,0.7917736926075238,0.14389678055853358,-1.1351209579973607
20,0.8251366436763514,0.18620180208706003,-1.1389552680990054
20,0.8526742713722688,0.22823335283750407,-1.1406468297052388
20,0.8744154473427455,0.26993873944103486,-1.1402121588294494
20,0.8905866889051578,0.3112749450962853,-1.137724031568003
20,0.901418568946897,0.3521991515592202,-1.1332563784402554
20,0.9071416603553525,0.3926685405858032,-1.126883129965562
20,0.9079865360179161,0.43264029393200115,-1.1186782166632798
20,0.9041837688219795,0.47207159335377774,-1.1087155690527646
20,0.8959639316549323,0.5109196206070976,-1.097069117653373
20,0.8835575974041645,0.5491415574479255,-1.0838127929844603
20,0.8671953389570687,0.5866945856322265,-1.069020525565384
20,0.8471077292010343,0.6235358869159648,-1.052766245915499
20,0.8235253410234524,0.6596226430551059,-1.035123884554162
20,0.7966787473117142,0.6949120358056137,-1.0161673720007296
20,0.7667985209532102,0.7293612469234533,-0.9959706387745573
20,0.7341152348353311,0.7629274581645897,-0.9746076153950015
20,0.6988594618454675,0.7955678512849873,-0.9521522323814186
20,0.6612617748710108,0.8272396080406111,-0.9286784202531648
20,0.6215527467993509,0.8578999101874255,-0.9042601095295956
20,0.5799629505178793,0.8875059394813953,-0.8789712307300678
20,0.5367229589139861,0.9160148776784859,-0.8528857143739375
20,0.4920633448750627,0.943383906534661,-0.8260774909805605
20,0.4462146812884996,0.9695702078058859,-0.7986204910692933
20,0.39940754104168724,0.9945309632481255,-0.7705886451594922
20,0.3518724970220173,1.0182233546173445,-0.7420558837705135
20,0.30384012211687955,1.040604563669507,-0.7130961374217126
20,0.25554098921366486,1.0616317721605786,-0.6837833366324464
20,0.20720567119976488,1.0812621618465235,-0.6541914119220709
20,0.1590647409625699,1.0994529144833065,-0.624394293809942
20,0.11134877138947039,1.1161612118268924,-0.5944659128154166
20,0.0642883353678572,1.1313442356332466,-0.5644801994578498
20,0.018114005785122622,1.144959167658332,-0.5345110842565992
20,-0.026943644471345646,1.156963189658116,-0.5046324977310197
20,-0.07065404251415452,1.1673134833885608,-0.4749183704004676
20,-0.11278661545591417,1.1759672306056328,-0.44544263278429946
20,-0.1531107904092337,1.1828816130652962,-0.4162792154018712
20,-0.19139599448672187,1.1880138125235153,-0.3875020487725396
20,-0.22741165480098846,1.1913210107362562,-0.35918506341566
20,-0.26092719846464224,1.1927603894594818,-0.331402189850589
20,-0.29171205259029276,1.1922891304491583,-0.3042273585966829
20,-0.31953564429054915,1.1898644154612494,-0.2777345001732977
20,-0.3441674006780207,1.1854434262517208,-0.2519975450997896
20,-0.3653767488653166,1.1789833445765368,-0.22709042389551473
20,-0.38293311596504637,1.170441352191662,-0.20308706707982926
20,-0.39660592908981845,1.159774630853061,-0.1800614051720895
20,-0.4061646153522426,1.1469403623166996,-0.1580873686916516
20,-0.4113789941415851,1.1318958709080498,-0.13723878612381135
20,-0.41212504471740163,1.1146370638259169,-0.11756187298630634
20,-0.40852803815474525,1.0952504511919725,-0.09903800215157736
20,-0.40074899173903517,1.0738355347743838,-0.08163924863832403
20,-0.3889489227556896,1.0504918163413168,-0.06533768746524592
20,-0.3732888484901271,1.0253187976609368,-0.05010539365104244
20,-0.35392978622776655,0.9984159805014111,-0.03591444221441319
20,-0.331032753254027,0.9698828666309052,-0.022736908174057605
20,-0.304758766854327,0.9398189578175855,-0.010544866548675359
20,-0.2752688443140848,0.9083237558296176,0.0006896076430340686
20,-0.24272400291871984,0.8754967624351687,0.010994439382371005
20,-0.20728525995364996,0.841437479402404,0.020397553650636398
20,-0.16911363270429425,0.8062454084994894,0.028926875429130368
20,-0.12837013845607084,0.7700200514945913,0.03661032969915341
20,-0.08521579449439955,0.7328609101558765,0.04347584144200607
20,-0.039811618104698174,0.6948674862515103,0.04955133563898877
20,0.007681373427614444,0.6561392815496595,0.05486473727140197
20,0.05710216281711939,0.6167757978184897,0.059443971320546206
20,0.10828973277839829,0.5768765368261672,0.06331696276772189
20,0.1610830660260335,0.5365410003408575,0.06651163659422962
20,0.2153211452746024,0.4958686901307289,0.06905591778136964
20,0.2708429532386917,0.4549591079639443,0.07097773131044263
20,0.3274874726328778,0.4139117556086734,0.07230500216274895
20,0.3850936861717437,0.3728261348330807,0.0730656553195891
20,0.44350057656987424,0.33180174740533025,0.0732876157622636
20,0.5025471265418451,0.29093809509359164,0.0729988084720729
20,0.5620723188022426,0.25033467966602807,0.07222715843031749
20,0.6219151360656432,0.21009100289080854,0.07100059061829779
20,0.6819145610466341,0.17030656653609566,0.06934703001731424
20,0.7419095764597896,0.13108087237005972,0.0672944016086675
20,0.8017391650196977,0.09251342216086293,0.0648706303736578
20,0.8612423094409339,0.05470371767667481,0.06210364129358582
20,0.9202579924380854,0.01775126068565818,0.05902135934975186
20,0.9786251967257272,-0.01824444704401728,0.055651709523456626
20,1.0361829050184468,-0.05318390374418914,0.05202261679600027
20,1.0927701000308196,-0.08696760764668754,0.048162006148683614
20,1.1482257644774327,-0.11949605698334992,0.0440978025628068
20,1.2023888810728622,-0.1506697499860071,0.03985793101967061
20,1.2550984325316936,-0.18038918488649539,0.03547031650057522
20,1.3061934015685046,-0.2085548599166463,0.03096288398682145
20,1.355512770897881,-0.2350672733082963,0.026363558459709353
20,1.4028955232343987,-0.25982692329327683,0.021700264900539824
20,1.4481806412926437,-0.2827343081034236,0.017000928290612956
20,1.4912071077871936,-0.3036899259705691,0.012293473611229618
20,1.5318139054326325,-0.32259427512654826,0.007605825843689854
20,1.5698400169435403,-0.339347853803194,0.0029659099692945813
20,1.605139037083236,-0.35386155255435064,-0.001597951192658997
20,1.6377018625026738,-0.3661439132252394,-0.006053696544348367
20,1.6675946190724793,-0.37625698188142914,-0.010367216743888253
20,1.6948842032205298,-0.3842633526210918,-0.014504381469654415
20,1.7196375113747069,-0.39022561954240087,-0.01843106040002319
20,1.7419214399628926,-0.3942063767435298,-0.022113123213370917
20,1.7618028854129655,-0.3962682183226518,-0.025516439588073443
20,1.7793487441528062,-0.3964737383779395,-0.028606879202507176
20,1.7946259126102946,-0.39488553100756624,-0.03135031173504803
20,1.8077012872133122,-0.3915661903097055,-0.03371260686407241
20,1.8186417643897383,-0.3865783103825301,-0.03565963426795624
20,1.8275142405674543,-0.3799844853242131,-0.03715726362507586
20,1.8343856121743392,-0.3718473092329282,-0.038171364613807296
20,1.8393227756382748,-0.36222937620684786,-0.0386678069125268
20,1.8423926273871405,-0.35119328034414604,-0.03861246019961046
20,1.8436620638488166,-0.33880161574299494,-0.03797119415343447
20,1.8431979814511839,-0.3251169765015686,-0.03670987845237498
20,1.8410672766221232,-0.3102019567180395,-0.034794382774808105
20,1.8373368457895136,-0.2941191504905816,-0.032190576799110096
20,1.8320735853812362,-0.27693115191736684,-0.02886433020365694
20,1.8253443918251715,-0.25870055509656986,-0.024781512666825073
20,1.8172161615491988,-0.23948995412636231,-0.019907993866990284
20,1.8077557909812003,-0.21936194310491886,-0.014209643482529136
20,1.7970301765490544,-0.19837911613041107,-0.007652331191817283
20,1.7851062146806433,-0.17660406730101383,-0.000201926673231545
20,1.772050801803846,-0.15409939071489842,0.008175700394852686
20,1.757930834346543,-0.13092768047023995,0.01751468033405844
20,1.742813208736615,-0.1071515306652096,0.027849143466010473
20,1.726764821401943,-0.0828335353979826,0.03921322011233164
20,1.7098525687704058,-0.058036288766730885,0.051641040594646165
20,1.6921433472698848,-0.032822384869626894,0.06516673523457865
20,1.6737040533282603,-0.007254417804845599,0.07982443435375171
20,1.6546015833734118,0.018605018329441905,0.0956482682737904
20,1.6349028338332212,0.044693329435060214,0.11267236731631723
20,1.6146747011355673,0.07094792141383839,0.1309308618029576
20,1.593984081708332,0.09730620016760115,0.15045788205533356
20,1.5728978719793933,0.12370557159817751,0.17128755839507087
20,1.5514829683766342,0.15008344160739195,0.1934540211437914
20,1.529806267327933,0.17637721609707369,0.21699140062312106
20,1.507934665261172,0.2025243009690474,0.24193382715468154
20,1.4859350586042295,0.22846210212514195,0.2683154310600989
20,1.4638743437849875,0.25412802546718216,0.29617034266099473
20,1.441819417231325,0.27945947689699696,0.32553269227899523
20,1.419837175371124,0.3043938623164112,0.3564366102357217
20,1.3979945146322632,0.3288685876272536,0.3889162268528007
20,1.3763580339109154,0.3528212551168744,0.4230051458314992
20,1.3549652841927273,0.37620864011874544,0.45868555712295045
20,1.3338008007207358,0.39902251095755936,0.4958458147329421
20,1.3128434766552015,0.42125836000945954,0.5343642863849947
20,1.2920722051563889,0.4429116796505848,0.5741193398026224
20,1.2714658793845581,0.4639779622570784,0.6149893427093464
20,1.251003392499974,0.4844527002050792,0.6568526628286802
20,1.2306636376628977,0.5043313858707306,0.6995876678841453
20,1.210425508033592,0.5236095116301711,0.743072725599255
20,1.1902678967723195,0.5422825698595432,0.7871862036975289
20,1.170169697039342,0.5603460529349888,0.8318064699024867
20,1.1501098019949236,0.5777954532326474,0.8768118919376421
20,1.1300671047993247,0.5946262631286611,0.9220808375265157
20,1.1100204986128093,0.61083397499917,0.9674916743926217
20,1.0899488765956393,0.6264140812203163,1.0129227702594814
20,1.0698311319080787,0.6413620741682402,1.0582524928506085
20,1.0496461577103868,0.6556734462190832,1.103359209889524
20,1.0293728471628296,0.6693436897489861,1.148121289099742
20,1.008990093425667,0.6823682971340902,1.1924170982047833
20,0.9884767896591633,0.6947427607505363,1.2361250049281622
20,0.9678118290235794,0.7064625729744661,1.2791233769933996
20,0.9469741046791795,0.7175232261820195,1.3212905821240093
20,0.9259425097862244,0.7279202127493388,1.362504988043512
20,0.9046959375049783,0.7376490250525642,1.4026449624754227
20,0.883213280995702,0.7467051554678374,1.4415888731432613
20,0.8614734334186596,0.7550840963712988,1.4792150877705421
20,0.839455287934112,0.7627813401390902,1.5154019740807865
20,0.8171377377023232,0.7697923791473518,1.550027899797508
20,0.7944996758835545,0.7761127057722256,1.582971232644228
20,0.7715199956380697,0.7817378123898518,1.6141103403444603
20,0.7481775901261298,0.7866631913763723,1.6433235906217256
20,0.724451352507999,0.7908843351079277,1.6704893511995391
20,0.7003201759439377,0.7943967359606591,1.6954859898014198
20,0.6757629535942107,0.7971958863107074,1.7181918741508833
20,0.6507585786190785,0.7992772785342142,1.73848537197145
20,0.6252859441788051,0.8006364050073198,1.756244850986634
20,0.5993239434336526,0.8012687581061658,1.7713486789199548
20,0.5728514695438823,0.8011698302068936,1.7836752234949305
20,0.5458474156697588,0.8003351136856433,1.7931028524350765
20,0.5182906749715421,0.7987601009185566,1.7995099334639126
20,0.49016014060949736,0.7964402842817746,1.8027748343049543
20,0.4614347057438846,0.7933711561514382,1.8027759226817204
20,0.4320932635349689,0.7895482089036886,1.7993915663177278
20,0.40211470714300995,0.7849669349146664,1.792500132936494
20,0.3714779297282731,0.7796228265605133,1.7819799902615365
20,0.3401618244510179,0.7735113762173698,1.7677095060163728
20,0.3081539489118202,0.7666280954896816,1.7495946992978268
20,0.27550228597124343,0.7589686300788708,1.72773442813535
20,0.24228055033247958,0.7505286827909955,1.7023096702061438
20,0.20856255178173547,0.7413039566431213,1.6735017066318314
20,0.17442210010522377,0.7312901546523165,1.6414918185340401
20,0.1399330050891515,0.7204829798356468,1.606461287034392
20,0.10516907651973151,0.7088781352101802,1.5685913932545166
20,0.07020412418317053,0.6964713237929829,1.5280634183160344
20,0.03511195786568145,0.683258248601123,1.4850586433405755
20,-3.361264652877727e-05,0.6692346126516662,1.43975834944976
20,-0.03515877756724746,0.6543961189616807,1.3923438177652183
20,-0.07018972711026769,0.6387384705482321,1.3429963294085705
20,-0.10505265148937659,0.6222573704283888,1.2918971655014462
20,-0.13967374091836737,0.6049485216192166,1.2392276071654673
20,-0.17397918561102702,0.5868076271377839,1.185168935522263
20,-0.20789517578114758,0.5678303900011566,1.1299024316934552
20,-0.24134790164252032,0.5480125132264013,1.0736093768006674
20,-0.27426355340893255,0.5273496998305864,1.0164710519655304
20,-0.3065683212941773,0.5058376528307773,0.9586687383096637
20,-0.33818839551204205,0.48347207524404257,0.9003837169546977
20,-0.36904996627631925,0.46024867008744763,0.8417972690222527
20,-0.3990792238007969,0.4361631403780613,0.7830906756339586
20,-0.42820235829926745,0.4112111891329484,0.7244452179114359
20,-0.4563455599855188,0.3853885193691782,0.6660421769763146
20,-0.48343501907334346,0.35869083410381536,0.6080628339502151
20,-0.5093969257765288,0.3311138363539293,0.5506884699547676
20,-0.534157470308868,0.3026532291365845,0.49410036611159214
20,-0.5576428428841482,0.27330471546885066,0.4384798035423197
20,-0.5797792337161622,0.24306399836779197,0.3840080633685694
20,-0.6004928330186984,0.21192678085047803,0.33086642671197153
20,-0.6197098310055479,0.17988876593397324,0.27923617469414763
20,-0.6373564178905,0.1469456566353474,0.22929858843672632
20,-0.6533587838873463,0.11309315597166458,0.18123494906132875
20,-0.6676431192098748,0.07832696695999464,0.1352265376895846
20,-0.6801356140718778,0.042642792617401726,0.09145463544311475
20,-0.6907624586871439,0.006036335960955819,0.05010052344354843
20,-0.6994498432694641,-0.03149669999227925,0.011345482812507468
20,-0.7061239580326283,-0.06996061222523328,-0.024629205328380033
20,-0.7107109931904269,-0.10935969772084256,-0.05764225985749161
20,-0.7131371389566494,-0.14969825346203663,-0.08751239965319935
20,-0.7133285855450868,-0.1909805764317503,-0.11405834359387967
20,-0.7112115231695288,-0.2332109636129185,-0.1370988105579083
20,-0.7067121420437653,-0.2763937119884703,-0.1564525194236573
20,-0.6997566323815868,-0.3205331185413427,-0.17193818906950403
20,-0.6902711843967838,-0.36563348025446474,-0.18337453837382173
20,-0.6781835272111971,-0.4116981448815544,-0.1905830767220725
20,-0.6634963876687521,-0.45868420008359645,-0.19352130711852375
20,-0.646319735268225,-0.5064825841103778,-0.19234119603005218
20,-0.6267717870937338,-0.5549791479363307,-0.18720966529745178
20,-0.6049707602293944,-0.6040597425358954,-0.1782936367615168
20,-0.5810348717593253,-0.6536102188835048,-0.16576003226304176
20,-0.5550823387676412,-0.7035164279535987,-0.14977577364282013
20,-0.5272313783384617,-0.7536642207206098,-0.13050778274164754
20,-0.4976002075559012,-0.8039394481589788,-0.10812298140031705
20,-0.46630704350407903,-0.8542279612431374,-0.08278829145962416
20,-0.43347010326710955,-0.9044156109475268,-0.05467063476036147
20,-0.3992076039291128,-0.9543882482465791,-0.023936933143325265
20,-0.36363776257420205,-1.0040317241147347,0.009245891550692501
20,-0.32687879628649846,-1.0532318895264259,0.044710917480894355
20,-0.2890489221501147,-1.101874595456093,0.08229122280648976
20,-0.2502663572491716,-1.149845692878169,0.12181988568668138
20,-0.21064931866778275,-1.1970310327670939,0.16312998428067707
20,-0.17031602349006833,-1.2433164660973006,0.20605459674768034
20,-0.12938468880014195,-1.288587843843229,0.25042680124690003
20,-0.08797353168212386,-1.3327310169793107,0.2960796759375378
20,-0.046200769220129834,-1.3756318364799858,0.3428462989788015
20,-0.004184618498274614,-1.4171761533196918,0.39055974852989894
20,0.0379567033993216,-1.4572498184728613,0.4390531027500318
20,0.08010497938854495,-1.4957386829139352,0.48815943979841
20,0.1221419923852751,-1.5325285976173444,0.5377118378342347
20,0.16394952530539864,-1.567505413557531,0.5875433750167166
20,0.2054093610647948,-1.6005549817089268,0.6374871295050559
20,0.24640328257935043,-1.6315631530459718,0.6873761794584642
20,0.2868130727649451,-1.6604157785430993,0.7370436030361415
20,0.32652051453746544,-1.6869987091747487,0.7863224783972987
20,0.3654073908127907,-1.7111977959153533,0.835045883701137
20,0.4033554845068074,-1.7328988897393527,0.8830468971068659
20,0.4402465785353954,-1.75198784162118,0.9301585967736874
20,0.47596245581444097,-1.7683505025352755,0.9762140608608115
20,0.5103848992598237,-1.7818727234560714,1.0210463675274393
20,0.5433956917874302,-1.7924403553580075,1.0644885949327811
20,0.5748766163131402,-1.7999392492155182,1.106373821236038
20,0.6047094557528386,-1.8042552560030414,1.1465351245964188
20,0.6327759930224105,-1.8052742266950126,1.1848055831731317
20,0.6589580110377342,-1.8028820122658682,1.2210182751253755
20,0.6831372927146948,-1.796964463690044,1.2550062786123597
20,0.7051956209691764,-1.7874074319419788,1.2866026717932908
20,0.7250147787170631,-1.774096767996106,1.3156405328273761
20,0.7424765488742335,-1.7569183228268632,1.3419529398738153
20,0.7574627143565744,-1.7357579474086893,1.3653729710918185
20,0.7698550580799672,-1.7105014927160171,1.3857337046405904
20,0.779560063982032,-1.6810684556641917,1.402900212795074
20,0.7866141680757367,-1.6475553444636575,1.416905888873101
20,0.7910963909355209,-1.6101166729269911,1.427839284048028
20,0.7930857778368483,-1.5689069885127018,1.435788981487335
20,0.7926613740551813,-1.5240808386793028,1.4408435643584967
20,0.7899022248659813,-1.475792770885299,1.443091615828989
20,0.7848873755447126,-1.4241973325892137,1.4426217190662898
20,0.7776958713668359,-1.3694490712495504,1.4395224572378729
20,0.7684067576078148,-1.3117025343248252,1.4338824135112167
20,0.7570990795431101,-1.2511122692735426,1.425790171053796
20,0.7438518824481866,-1.1878328235542248,1.4153343130330878
20,0.7287442115985054,-1.1220187446253784,1.4026034226165678
20,0.7118551122695291,-1.0538245799455157,1.3876860829717137
20,0.6932636297367184,-0.9834048769731423,1.370670877265998
20,0.673048809275539,-0.9109141831667814,1.3516463886669006
20,0.6512896961614524,-0.8365070459849397,1.3307012003418974
20,0.6280653356699198,-0.7603380128861286,1.3079238954584633
20,0.6034547730764027,-0.6825616313288534,1.2834030571840738
20,0.5775370536563667,-0.6033324487716385,1.2572272686862063
20,0.5503912226852735,-0.5228050126729907,1.229485113132339
20,0.5220963254385841,-0.4411338704914203,1.2002651736899448
20,0.4927314071917589,-0.35847356968543187,1.1696560335264994
20,0.46237551322026577,-0.27497865771355223,1.137746275809483
20,0.431107688799564,-0.1908036820342856,1.1046244837063697
20,0.39900697920511685,-0.10610319010614477,1.070379240384636
20,0.3661524297123835,-0.021031729387632446,1.0350991290117546
20,0.33262308559683185,0.06425615266272297,0.9988727327552079
20,0.29849799213392175,0.1496059085864186,0.9617886347824691
20,0.26385619459911547,0.23486299092494142,0.9239354182610144
20,0.22877673826787595,0.3198728522197804,0.8854016663583204
20,0.1933386684156615,0.40448094501243154,0.8462759622418591
20,0.15762103031794175,0.4885327218443676,0.8066468890791141
20,0.12170286925017543,0.5718736352570839,0.7666030300375581
20,0.08566323048782554,0.6543491377920687,0.7262329682846673
20,0.049581159306350736,0.7358046819908182,0.6856252869879144
20,0.01353570098122047,0.8160857203948055,0.6448685693147826
20,-0.022394099212106843,0.8950377055455263,0.6040513984327447
20,-0.058129195998168084,0.9725060899844684,0.5632623575092767
20,-0.09359054410150411,1.0483363262531271,0.5225900297118516
20,-0.1286990982466461,1.1223738668929766,0.48212299820795274
20,-0.16337581315813496,1.1944641644455134,0.44194984616505234
20,-0.19754164356050818,1.2644526714522242,0.40215915675062697
20,-0.23111754417830666,1.332184840454603,0.3628395131321492
20,-0.26402446973606125,1.3975061239941273,0.32407949847710216
20,-0.296183374958313,1.46026197461229,0.28596769595295896
20,-0.3275152145695994,1.5202978448505802,0.24859268872719517
20,-0.35794094329446086,1.5774591872504913,0.2120430599672843
20,-0.38738151585742925,1.6315914543535004,0.17640739284070875
20,-0.41575788698304483,1.6825400987011012,0.14177427051494193
20,-0.44299101139584524,1.7301505728347817,0.10823227615745948
20,-0.46900184382037047,1.7742683292960357,0.07586999293573513
20,-0.49371133898115305,1.8147388206263408,0.04477600401725079
20,-0.5170404516027336,1.8514074993671912,0.015038892569479656
20,-0.5389101364096492,1.8841198180600744,-0.013252758240102053
20,-0.5592413481264374,1.9127212292464784,-0.04001036524401827
20,-0.5779550414776375,1.9370571854678935,-0.06514534527479451
20,-0.594972171187784,1.9569731392658045,-0.0885691151649505
20,-0.6102136919814157,1.9723145431817013,-0.11019309174701197
20,-0.62360055858307,1.9829268497570707,-0.129928691853503
20,-0.6350537257172861,1.9886555115334037,-0.14768733231694883
20,-0.644494148108599,1.989345981052185,-0.16338042996986993
20,-0.6518427804815479,1.9848437108549062,-0.1769194016447921
20,-0.6570205775606697,1.974994153483054,-0.18821566417423885
20,-0.6599484940705024,1.959642761478115,-0.1971806343907344
20,-0.660547484735583,1.9386349873815791,-0.2037257291268013
20,-0.6587385042804497,1.9118162837349357,-0.20776236521496427
20,-0.6544425074296399,1.879032103079672,-0.20920195948774722
20,-0.6475804489076901,1.8401278979572715,-0.20795592877767322
20,-0.6380732834391394,1.7949491209092303,-0.20393568991726668
20,-0.6258419657485252,1.7433412244770339,-0.19705265973905123
20,-0.6108074505603844,1.685149661202169,-0.18721825507555084
20,-0.5928906925992533,1.6202198836261192,-0.17434389275928774
20,-0.5720126465896725,1.5483973442903833,-0.1583409896227882
20,-0.548094267256178,1.4695274957364446,-0.1391209624985748
20,-0.5210565093233075,1.3834557905057911,-0.11659522821917151
20,-0.4908203275155959,1.2900276811399025,-0.09067520361709985
20,-0.4573066765575854,1.1890886201802826,-0.061272305524887605
20,-0.42043651117381203,1.0804840601684136,-0.028297950775057257
20,-0.3801307860888125,0.9640594536457817,0.00833644379986842
20,-0.33631045602712495,0.8396602531538765,0.048719461367364714
20,-0.28889647571328236,0.7071319112341733,0.09293968509491246
20,-0.23780979987183082,0.5663198804281844,0.14108569814997973
20,-0.1829713832273036,0.4170696132773861,0.19324608370004676
20,-0.12430218050423836,0.2592265623232667,0.24950942491258965
20,-0.06172314642716714,0.09263618010729968,0.3099643049550899
20,0.004844764279361646,-0.08285608082899776,0.3746993069950135
20,0.07548059689081577,-0.26740476794415147,0.44380301419984153
20,0.15026339668265756,-0.4611644286966735,0.5173640097370504
20,0.22927220893035666,-0.6642896105450937,0.595470876774123
20,0.31258607890936163,-0.8769348609478883,0.6782121984785222
20,0.4002840518951416,-1.0992547273635864,0.7656765580177307
